delivery_days,price_volatility,past_delays,distance_km,defect_rate,risk
39,0.7375012481097484,6,4234,0.0467134722137222,high
52,0.45221794088980716,6,3711,0.01363732395309254,high
29,0.22460482293998196,0,736,0.03742485408210035,low
15,0.4524395161326934,3,1136,0.11110991397712398,medium
43,0.14085702037979986,1,4231,0.0582722145675489,medium
8,0.1763869865062233,1,2248,0.08347895646582959,low
21,0.49836777273947974,1,3965,0.07537337606943771,medium
39,0.4189254495045479,3,3257,0.17518098499997892,high
58,0.9148459010681,0,3687,0.1810597998021031,high
19,0.3623938991166331,3,3394,0.09859139433117202,medium
23,0.5805883502780435,1,4361,0.06603119006312089,medium
11,0.6322642879195304,4,2530,0.02136014080047273,medium
11,0.013094456588333636,2,1979,0.190680575876419,medium
24,0.6635373720167106,7,4066,0.01204538898005949,high
53,0.17803596686975143,3,3813,0.05953005551365609,medium
36,0.9610703174694551,0,4226,0.05961324023400083,high
40,0.14866272775311296,0,4206,0.06408025722804299,medium
24,0.41462412372702373,9,2111,0.032857368654481856,medium
3,0.08534966807864386,2,3473,0.15663228618473946,medium
22,0.9968742518459474,8,2243,0.024499572393197847,medium
53,0.5021950103312426,6,2600,0.12698133183063257,high
2,0.5953850173200438,1,4681,0.024769205341163492,medium
24,0.06707647738842748,8,1389,0.014107127518591313,medium
44,0.7499604703991778,9,1547,0.1818859007371753,high
30,0.20990559309558576,1,3299,0.038025753263741136,medium
38,0.8980542894407137,2,2043,0.16425003091194088,high
2,0.20513964048200717,9,3283,0.10892617422142717,high
21,0.19068772066366657,1,3316,0.015571303921753921,medium
33,0.03654966784809488,2,3236,0.1910896382876135,high
12,0.47206694510999925,5,3418,0.049392233398378504,medium
58,0.5648411332626164,8,2882,0.1719290690705213,high
22,0.06570863942835237,8,1090,0.03376200115691284,medium
44,0.7755276166950106,6,2253,0.1707885764283706,high
25,0.4532888347480276,2,325,0.0026457625810587973,low
49,0.52439026932758,3,876,0.10235609131389614,medium
27,0.44076274693822814,5,2937,0.15388851588431138,high
59,0.400763060875326,4,787,0.18695910349855668,medium
42,0.5596403313082179,1,629,0.18184042724129743,medium
28,0.1552402459307125,5,3542,0.16392497390952898,high
16,0.18192813049527112,2,2253,0.17763826993226084,medium
15,0.8617856210135173,7,1394,0.0398439371674153,medium
47,0.9461154621336327,1,1626,0.05683685914234576,medium
51,0.37330931627975295,0,4874,0.057793704984211706,medium
44,0.27074467314355377,8,2996,0.07541078620033977,high
55,0.6439995432390158,2,3203,0.07866413407703775,medium
52,0.4087341710980964,0,2540,0.10891106493093511,high
57,0.02538635566034486,6,4235,0.03197595267328828,high
3,0.15615259736619036,9,3902,0.13824933275719786,high
37,0.7159722288473975,4,944,0.0335133078609013,medium
51,0.6589239419101514,4,546,0.06206169642090951,medium
7,0.02709599250348349,0,4015,0.10066902612123081,medium
21,0.22197216193294944,8,3209,0.15928811230469547,high
9,0.2310747965880714,6,1334,0.14789384664774546,medium
39,0.6718927435987284,7,326,0.12910687128210446,high
18,0.019710537754364155,8,4243,0.031154652116034035,medium
4,0.10410858198457384,5,3059,0.10940906912311554,high
25,0.7999160853731894,4,1930,0.01748930035997709,medium
14,0.1785446620543336,5,3879,0.07547263535933016,medium
50,0.6527461078518747,1,286,0.08270330605799184,medium
58,0.23818278104672652,3,2977,0.007962287889150765,medium
9,0.09944139275934516,2,2635,0.05479761989399437,medium
26,0.24317219099945409,6,2032,0.1911298934532979,medium
53,0.7222669318556592,8,3024,0.19072652156593792,high
2,0.8556964681062857,4,948,0.07046541085050786,medium
20,0.8302198645669916,5,2132,0.008620021789664811,medium
28,0.3971835296184548,9,1352,0.03581898786563631,medium
47,0.6680851365706462,1,1981,0.07844355868670803,medium
7,0.20498429541582097,2,369,0.18955593959384598,medium
44,0.29314773026101326,2,1730,0.028239812707436987,medium
8,0.8963358185211198,8,4505,0.15270316873364245,high
47,0.013001923510736035,6,3303,0.021736507874938416,high
35,0.08550853085446808,7,1674,0.19625151547825537,high
14,0.20788625514602732,9,2992,0.076323299821827,medium
17,0.026532203873819715,8,1795,0.15504690777981123,medium
36,0.18143543508979731,5,3358,0.06851821656222637,high
50,0.5830415609696922,3,3362,0.12553377543176175,high
40,0.42142455059249795,0,1545,0.03840321694800735,medium
4,0.8926717110769748,7,319,0.02920420385939251,medium
2,0.8174435617384409,6,152,0.18761282791362627,high
6,0.34181735169787597,1,1857,0.1835294555808867,medium
54,0.2594234334312925,7,1766,0.17749378804257648,high
42,0.3796924081672669,4,2885,0.1250866900333187,high
4,0.5902949425148077,6,819,0.16165364224325565,medium
54,0.26806364082287626,3,505,0.013807387382274983,medium
29,0.624148907849134,4,2394,0.06695780837813584,low
18,0.4094116521912404,7,171,0.06274062495143125,medium
26,0.5520471808519802,0,2153,0.12712906439052266,medium
44,0.4361265291353167,0,1329,0.0711915546941281,medium
34,0.29446575954191767,3,1667,0.02970135632873616,medium
10,0.9484533069621567,2,3782,0.11929341508270874,high
36,0.7636057941597608,9,3053,0.16287678413381632,high
14,0.14011317576645255,1,4582,0.07642469889199464,medium
31,0.8684679758979128,2,798,0.026453743019696344,medium
48,0.48743119824951364,0,926,0.03933763946256461,medium
15,0.8945522268940914,0,448,0.0474966610338768,medium
8,0.7998552559473152,5,4008,0.059979518598907246,high
14,0.42521350446923345,4,407,0.12855901410126183,medium
23,0.022469308320117398,7,3516,0.12018909690754381,high
57,0.2686773593849461,1,2434,0.13921597231340785,medium
40,0.5416342146608669,3,4961,0.07250039690630264,medium
21,0.6334782198261473,7,4920,0.16479953037599568,high
16,0.2578876854332023,5,2909,0.04081753223115206,medium
45,0.13935607407282413,0,3658,0.0938081495036308,medium
18,0.8349302367992991,3,4578,0.16018774430828608,high
47,0.9844021807035521,0,3577,0.03603172954652385,high
53,0.5256901823026858,1,4720,0.02197262274815659,medium
24,0.1716792858483035,4,2786,0.17673679353759797,medium
26,0.27230732651936895,7,3085,0.06858593255183919,medium
25,0.018390676547466733,7,375,0.1367740249818064,medium
45,0.914298806560499,2,2647,0.005069720852787696,high
41,0.11775108289014113,3,2864,0.13800937768188992,high
29,0.5765164755142536,9,436,0.0632202623093941,medium
15,0.274055220687206,5,2073,0.011148170717488349,medium
45,0.5541780025157934,9,3079,0.12196255230962341,high
1,0.6514203883518642,2,4676,0.04816076321463465,medium
25,0.8297418037072016,1,4068,0.07736144841037601,medium
7,0.2064212717606032,5,1010,0.01611616245730272,medium
9,0.010995828658480478,4,2096,0.029432650218989068,low
24,0.13688563006880727,9,3229,0.05959544709916875,medium
1,0.9000186418481051,4,4304,0.01795190011203143,medium
44,0.8738900775625152,9,3857,0.18216525293726304,high
8,0.5974131021703083,4,427,0.0012094086367956836,low
24,0.6005168604336534,9,1899,0.09677204377286229,medium
11,0.6650366745462555,4,414,0.02464949162651029,medium
51,0.1753712786234496,2,3645,0.061535817895589706,medium
17,0.9144119459249598,6,1234,0.1852119119636531,high
8,0.4187705248920731,5,2846,0.032338910654797375,medium
35,0.38313852824949746,3,4976,0.19316646394366654,high
35,0.5189177052828375,1,1620,0.04115887539788435,medium
33,0.046965966775055046,8,255,0.14831322169336592,high
59,0.1662833687560794,0,1824,0.10933545297946234,medium
5,0.7380336164263704,3,3443,0.17689574551935183,high
42,0.08279866792512647,0,986,0.1107986511006262,medium
39,0.6031521094663882,5,3173,0.10691184383126173,high
58,0.24534910968132095,3,2905,0.03909160007367998,medium
41,0.38929561404197655,4,821,0.033245872410331744,medium
28,0.28869373677069987,4,1012,0.18329783022310286,medium
7,0.35567271646494913,8,3457,0.06556763977000682,medium
9,0.7190459051842455,0,970,0.0744164509925792,medium
8,0.297121715623175,1,4208,0.1519647316856777,medium
12,0.5664046402968972,5,597,0.06776469648456147,medium
34,0.47605040219909966,4,1856,0.19041248932780055,medium
33,0.6636711653626481,6,1217,0.14758555379976007,high
48,0.936829739324758,2,3509,0.11948584851468401,high
55,0.7325720972102503,2,2928,0.1761790321089505,high
23,0.21494037859075676,9,1747,0.00992118166989655,medium
24,0.031183135061284672,1,3083,0.05141253843784175,medium
37,0.2622640442998251,2,242,0.093007266844182,medium
35,0.5950779307002548,9,2861,0.04539570789430421,high
44,0.05142581348425035,0,3535,0.1487810374604304,high
40,0.49636624720123634,4,4760,0.18384160621074505,high
22,0.5968428489168892,4,2531,0.08475402398618469,medium
27,0.3342438908169608,6,4612,0.06842652002237899,medium
35,0.7709122037458219,3,1948,0.19231014642751326,high
1,0.1065982531337718,2,2796,0.08897048656550817,medium
35,0.07513778173580876,0,1817,0.09780968008985665,medium
37,0.7281887562036033,7,3172,0.07032997446838107,high
47,0.49549131620619846,2,1167,0.18190969460242767,medium
14,0.688402396427736,1,2886,0.11379109665637016,high
3,0.4348273386037462,3,3891,0.15243491743632895,medium
1,0.2464020332391068,2,1388,0.1623613436701773,medium
5,0.8191023176741997,0,3971,0.06836980838345164,medium
26,0.7994158789689793,2,1906,0.08673886626407601,medium
55,0.6946964708544268,1,1604,0.16969435488125295,high
14,0.2721451372299627,7,3408,0.07265107033516205,medium
39,0.5902306668690871,5,3051,0.15878702669037026,high
27,0.3609738969400268,8,171,0.18819846451488742,medium
9,0.09158207332663415,7,1790,0.1246420746136014,medium
15,0.9173135754622428,9,1444,0.1483254574903778,high
15,0.1368186309189614,2,3403,0.16101946240822698,medium
26,0.9502373538208024,4,3213,0.16900792977932852,high
42,0.44600577295795574,6,982,0.0790106675713592,medium
13,0.18513292883861965,4,4334,0.010252691835199635,medium
51,0.5419009473783581,7,2762,0.08037525424734791,high
32,0.8729458358764083,4,1604,0.13475124595681795,high
39,0.7322248864095612,0,2563,0.09007007715615856,high
49,0.8065611478614497,4,2653,0.14979263017207972,high
52,0.6587833667107174,3,832,0.07139648589373278,medium
32,0.6922765645178525,5,1848,0.12694882822080591,high
4,0.8491956515653193,2,4024,0.037283960970794915,medium
30,0.24966800885918594,4,523,0.1498738873289914,medium
37,0.4894249636431405,1,3578,0.10913919376260517,high
23,0.22120944181960223,5,1691,0.04081287770932012,medium
39,0.987668007996647,5,4585,0.058382234699561456,high
45,0.9440593396866133,4,4537,0.14972174171636649,high
15,0.0394268113685059,5,4809,0.09652024713230414,medium
43,0.7055751725156885,6,592,0.043206288078614444,high
29,0.9252483174156658,4,291,0.19345423807405954,medium
36,0.18057534512733353,0,598,0.14302500396337758,medium
13,0.5679452305526295,7,1356,0.19142696650795923,medium
32,0.9154882975880418,3,2068,0.08542100907206865,medium
7,0.03394597858579884,8,4422,0.0950200681383441,medium
59,0.6974202672468399,9,2286,0.17959104323700384,high
51,0.29734900737255077,5,916,0.10500986804907693,high
22,0.9243961953765304,0,3320,0.14145578238113343,high
28,0.9710582451653678,2,1573,0.050434575499105995,medium
2,0.9442664891134339,2,1186,0.08934529374052812,medium
42,0.47421421665746377,9,4299,0.024689973162071024,high
45,0.8620426509893134,3,1974,0.04119600717539234,medium
57,0.8445493985350704,5,970,0.0001886830535262174,high
53,0.31910047324325563,6,4863,0.007853010329732046,high
6,0.8289154741506773,9,2142,0.19545676463538586,high
28,0.03700763471549262,3,372,0.048470739027352466,low
28,0.596269878482053,5,1129,0.1326621419008004,medium
44,0.23000883728770305,0,3318,0.16781993975992232,high
44,0.12056688577727881,7,4169,0.11013209184731286,high
20,0.07695320162920916,6,1151,0.03062890001679124,medium
30,0.6962887758781398,8,4133,0.14562328746723327,high
11,0.33987496376806614,2,1673,0.12005028201991662,medium
58,0.7247667715287615,1,3290,0.14625011786947503,high
55,0.06535634079894237,0,4488,0.15394932457141744,high
28,0.31529033783061033,2,3897,0.19508207353694904,medium
25,0.5394912923753372,4,3389,0.114712656005342,medium
39,0.7907231648389635,1,3847,0.06832822253812036,high
33,0.3187525029320699,2,2205,0.12969291138004743,medium
1,0.6258913764370091,3,407,0.013688141848525227,low
57,0.8859777482361871,6,3459,0.17947946366431727,high
27,0.6158631881823046,2,3276,0.023876202267639358,medium
57,0.23295947475363377,8,1351,0.06556856757716366,medium
52,0.02440078155653802,7,2847,0.1631490761252242,high
13,0.8700988739009299,3,1617,0.11946247566614238,medium
41,0.021269410850387138,0,1478,0.07872710405548843,medium
3,0.8747016726841994,0,4991,0.09468713187500429,medium
39,0.528937134027212,0,2061,0.17090947864043607,medium
6,0.9390676985128962,0,4405,0.06800087721197844,medium
8,0.7987832357736654,7,2963,0.17392993696243428,high
27,0.9979341105333375,2,2756,0.0176268861953383,medium
9,0.35071181545171015,5,2594,0.15535968744172615,high
37,0.7671882889311269,2,4667,0.1695095266109473,high
33,0.40193091360924216,4,4105,0.03636353056746775,medium
51,0.47987562030390885,6,3663,0.0860693064744401,high
42,0.6275054632183701,1,1022,0.03309995493273112,medium
44,0.8736771141863388,5,4332,0.14132082579884356,high
24,0.9840834691992951,5,4562,0.10706955361233135,high
15,0.7682734138645182,2,3059,0.12706466934166422,high
59,0.41776678216733376,5,283,0.03929739339124223,medium
54,0.4213570022770702,9,3458,0.04234917241048391,high
32,0.7375823015888915,9,1498,0.008299465101981275,high
32,0.23877714576830233,4,2896,0.06441350703914595,medium
24,0.11047411313139466,1,636,0.111948932266735,medium
41,0.35462215764077654,8,1373,0.17158698279946577,high
52,0.28723899165408173,7,3067,0.13338548949173615,high
49,0.2963081204559901,2,3149,0.0870792646799503,medium
49,0.23360775104990994,7,1196,0.19062402287882757,high
58,0.04209318963636188,8,1405,0.1438490401151664,high
52,0.01787393473341381,2,1015,0.18603304057251002,medium
12,0.9877223897360315,2,3181,0.10551759465443314,high
39,0.42777313373586234,1,4347,0.05178085495862792,medium
2,0.3843266471596817,7,1128,0.010565337272944397,medium
3,0.6796472826930698,9,2077,0.1452169702967701,high
49,0.21825388786506417,0,3454,0.024260599601106825,medium
37,0.9499611839502253,7,2611,0.06055502565439344,high
49,0.786345014415552,6,370,0.10649418157677948,high
56,0.08941100231225951,6,1286,0.11288331755594955,high
17,0.41758077578492836,2,4655,0.12011663939742721,medium
59,0.8791183075621647,0,4300,0.033251066069940126,high
49,0.9447320222914103,3,3864,0.07594748096432975,high
2,0.4674015112498697,8,2498,0.12343884542339334,medium
2,0.6134113892107077,4,4629,0.19396377292675696,medium
28,0.16703394609207523,0,4335,0.14552622753993774,medium
54,0.9911686261369765,4,4282,0.18452075141879157,high
23,0.2316717013834434,7,1811,0.15244241166283543,medium
37,0.9427317741351257,7,2330,0.11834339377848009,high
32,0.6496466489923685,4,228,0.03840467382726891,medium
33,0.6077367948788591,8,1369,0.13333713037850262,high
1,0.5126885110165086,0,3772,0.12467591319198142,medium
19,0.2306698117177587,3,1701,0.1204938340914533,medium
2,0.17652803200550826,2,4865,0.09795717359764816,medium
53,0.22048620907017535,1,4070,0.10573132079785513,high
44,0.18643826214425452,7,4344,0.06688850542362082,high
26,0.7795844735667533,6,727,0.10386253852846064,high
32,0.3501252591667301,8,3897,0.039511181135695655,high
6,0.05784267656339637,1,2144,0.16103487947207537,medium
32,0.9691026301408113,3,3652,0.037155390939741566,high
55,0.8837858849634257,5,2441,0.016993257977893285,high
4,0.927752283195213,2,3314,0.08724920527143148,medium
55,0.9949078226464353,7,349,0.13166148790121238,high
11,0.1738952492194873,2,3025,0.08754336498670828,medium
56,0.39624201890265875,1,1074,0.055350826390261725,medium
59,0.7582384757040913,2,1425,0.11163423677808815,high
17,0.6960206180537922,5,1083,0.06940046708243999,medium
38,0.15389590633985506,1,988,0.1865735380253266,medium
24,0.8158331249906178,7,3037,0.18452902792071443,high
5,0.22444057183666066,0,2217,0.1004743639944191,medium
52,0.22381761482262308,6,2772,0.0655767988036517,high
34,0.5369744228934136,1,1426,0.14742648279132783,medium
6,0.5929399348417032,9,570,0.007342588696613328,medium
22,0.5800862078378112,5,2087,0.09495380120873026,medium
11,0.09148683739775487,1,190,0.06726467885406671,low
48,0.8774608626303804,1,629,0.18410717702051094,high
16,0.26560004258870606,9,4856,0.002400605454536509,medium
33,0.12951492128280417,7,4159,0.11056297514366982,high
9,0.8887480798689772,1,4934,0.14813271621332522,high
59,0.9556514982297534,6,2873,0.09700359750480825,high
6,0.8621276172654506,2,1786,0.017080606032544333,medium
16,0.8095160747248781,7,291,0.19449227800558044,high
29,0.6552419806390217,6,2086,0.1036020862752196,high
3,0.5508573706091393,7,3723,0.12283724886380228,high
20,0.08698675991141014,6,2285,0.04732195654150147,medium
59,0.4084532130706987,5,4540,0.09669961702136076,high
36,0.372688517012314,6,1108,0.08582989839166438,medium
19,0.2597537837603262,4,3883,0.014979168400396748,medium
26,0.7234201136885849,6,4398,0.021232070709493445,high
3,0.4958757350787708,0,4768,0.16749450392375492,medium
19,0.08104621590764793,0,4387,0.04796399044131805,medium
20,0.22018320194981134,8,2152,0.03899165429972611,medium
32,0.6832587636595959,4,3408,0.10098229025002786,high
7,0.07613085949030018,4,1816,0.1537494262725026,medium
52,0.8512069140487687,2,410,0.012389303715797585,medium
41,0.4951465270139743,4,4638,0.11536158392765117,high
33,0.480586577326648,2,1360,0.023842088568114674,medium
40,0.5924077846595176,8,4032,0.007292210165123692,high
39,0.8246809659251492,8,3368,0.01054879043244348,high
18,0.34780920790219305,5,684,0.16683282164168828,medium
40,0.6780161525590636,0,2899,0.023594496725612313,high
1,0.5657319639957911,6,459,0.00903027288245839,medium
11,0.2670282701694213,6,2966,0.08757997742858246,medium
28,0.878629986355158,9,2111,0.16879869438840497,high
57,0.7974260216069281,9,4106,0.05248167529786039,high
25,0.6584518346584255,3,1725,0.08434252350518329,medium
50,0.8505817290942419,7,2864,0.007984506512750246,high
23,0.8672942009598024,5,990,0.08981570282697518,medium
31,0.7083629767150348,3,831,0.11552261612742674,high
30,0.837013328363672,3,4061,0.11418141075042897,high
42,0.6974714616692836,1,4801,0.06648533843487303,high
35,0.6801407717603004,1,2604,0.06310663613262711,high
7,0.6186113782151843,3,714,0.021324723787319578,low
16,0.7527166395576412,4,3906,0.07335966412925368,medium
26,0.1586051052930737,7,1819,0.019898933774592932,medium
48,0.8808707591989284,5,4869,0.15331918894241034,high
57,0.871843527745232,3,1687,0.19325485954963717,high
52,0.029247283034559146,6,1711,0.19401489133334138,high
49,0.8258167505647627,7,996,0.17301421987507878,high
2,0.1288698674734452,1,377,0.12015842986792383,medium
1,0.3351188542591419,6,4747,0.140173139448776,high
48,0.7435082562916078,1,1736,0.05704116053608282,medium
12,0.1607598960483082,1,2258,0.12615408403452413,medium
5,0.8179670241190622,7,2532,0.0911299098879755,high
37,0.8321341779577419,1,4004,0.09640346795538651,high
32,0.5074677337608362,8,4956,0.1515553120750316,high
59,0.00638587171683358,0,3362,0.056383671119450335,medium
55,0.2870381331749128,8,1549,0.06360792233890399,medium
9,0.6169269183757422,0,4600,0.18492835822572734,medium
41,0.9811861780274235,9,1332,0.011244858970194449,high
35,0.6318135270166684,9,4217,0.09712685968266808,high
19,0.2598035810641598,1,777,0.18256016008157236,medium
48,0.6340057030996114,5,2758,0.12207260156363141,high
16,0.5399853797158555,5,2128,0.10928141484242643,medium
3,0.7798453951511436,0,3858,0.049948835845871044,medium
20,0.10698063882695841,6,4724,0.06865509781288966,medium
24,0.761027902502028,7,2137,0.1704096831609386,high
54,0.5412665786761103,1,2749,0.11184362635369163,high
56,0.9629920038589946,7,756,0.10294843875135598,high
33,0.3418721660386861,8,265,0.019915942708005785,medium
24,0.6326218931339481,5,4691,0.0032056312910246246,medium
52,0.9320281055100175,4,689,0.19273703773740983,high
11,0.10250972799067926,8,4624,0.07539723345736833,medium
49,0.9372284872364511,8,2921,0.12064261241990087,high
8,0.6878857223008134,0,4358,0.015943014637457,medium
36,0.0678370591051719,2,1362,0.1366228571446093,medium
38,0.30096356694681625,8,171,0.1865133417411922,high
40,0.7081720886452816,1,3616,0.11513305059948394,high
20,0.0673506014687717,3,4850,0.025223064475082116,medium
35,0.5821704601762733,3,3680,0.11634430549469535,high
48,0.34588305695295674,1,368,0.15326944262093048,medium
25,0.6209155177674771,2,1876,0.08128330731480374,low
35,0.04574203381251285,2,2562,0.17596754958829358,high
25,0.8715368061523763,0,1368,0.1297365906714729,medium
29,0.9734889691773969,5,1115,0.17984978365784052,high
18,0.9688778552856915,7,2822,0.12470106224946745,high
46,0.7496518317429247,2,1183,0.026257594400964847,medium
18,0.13008624013063197,4,4201,0.06193834222103783,medium
2,0.7582631959290226,0,506,0.04035898965049139,medium
54,0.02458691645880151,9,3176,0.18176529954337248,high
35,0.022123551528997254,6,1085,0.15208001345749655,high
16,0.32361021914954125,9,3703,0.1352796737820012,high
41,0.48864319040466575,0,4585,0.06019326392632434,medium
36,0.7704074178077932,8,809,0.036808954410042706,high
33,0.6832953766065052,7,2718,0.15129021759778238,high
4,0.44590270637674834,6,4949,0.09483158917581594,medium
33,0.2736266662816659,9,1511,0.045157910430125826,medium
14,0.9971245001577111,6,4721,0.12332439563305503,high
21,0.42618130223597295,4,1585,0.008066770427690396,low
48,0.4513870243296755,4,3050,0.0652340508256507,medium
20,0.16362382119166918,4,4751,0.09371139891822694,medium
56,0.7948095487499294,0,3034,0.02959166682188117,high
8,0.6936822257814886,7,4214,0.19693089551816792,high
7,0.2207696127887604,0,4770,0.04181947291792285,medium
3,0.0823810456158427,3,1103,0.02607062600865311,low
17,0.6804993020747131,8,2566,0.04070697477737928,high
33,0.6545112142811352,8,2566,0.15381222663194485,high
48,0.2732595269982093,4,2038,0.08510113185436857,medium
12,0.9508635622504104,3,2039,0.1130831879505076,medium
59,0.15105789178090023,2,1735,0.004201831397272149,medium
51,0.4323348010426019,2,1798,0.006886261714662912,medium
22,0.9436159201675989,4,4627,0.08916510996540324,medium
55,0.4197273169261223,9,2191,0.16333104864032472,high
22,0.6385259476640855,0,1995,0.17704777574151306,medium
46,0.3975943979627943,4,4340,0.017341313519128043,medium
30,0.27421520234867003,5,3498,0.10767262042020456,high
38,0.9839776479598282,6,1173,0.1826459372558541,high
38,0.409334006315043,8,2502,0.07759455087957728,high
45,0.8940992036791344,2,4995,0.16591316628567374,high
51,0.22995460589108618,1,3312,0.026739130879887243,medium
54,0.2131047040250833,2,4137,0.18707889793355975,high
8,0.03113408288451136,8,1251,0.15028466350626055,medium
27,0.651666825375885,6,2545,0.18826687855738033,high
27,0.36852634372376114,8,2056,0.1353234467105013,medium
34,0.864358249839637,1,4658,0.0726807863998854,high
21,0.47320990669155716,4,4007,0.1876362345049445,medium
30,0.9681934279147217,3,907,0.055113355261835695,medium
33,0.18552551570312115,1,286,0.06643450441234651,medium
28,0.8686231679556108,8,4927,0.14016168360034806,high
47,0.7765968527917417,8,4624,0.15306325990507727,high
33,0.770921844644052,5,1407,0.18588069676983077,high
5,0.8447832281168877,5,2384,0.0409604818112419,medium
48,0.7610239909429989,7,4966,0.1595996070438448,high
19,0.6262203216314154,5,857,0.1477092106793927,medium
4,0.13124487768238757,0,4331,0.012758911250719575,medium
35,0.032526179491251916,3,4987,0.0774446282420414,medium
49,0.9208478478156868,6,3954,0.056553091412019724,high
17,0.616650314520738,1,4366,0.060898084870806085,medium
44,0.7965372909761763,8,2306,0.19658937591094017,high
28,0.4815223515125501,7,3658,0.12855548269598557,high
30,0.11730818896239448,7,1680,0.14353523155869993,medium
29,0.12518579220255044,6,1061,0.19532352746300186,medium
46,0.6855652872289714,3,3947,0.07544035649152775,high
53,0.4303058948994627,1,3675,0.16036803369056118,high
6,0.20052472670033672,2,975,0.08690619266089908,low
35,0.4915945467414369,5,2518,0.17390673436299597,high
41,0.06420893707513409,4,4298,0.036131508262260636,medium
37,0.5819714019143988,7,1101,0.18953723541285594,high
24,0.26899340443509767,5,3484,0.043754341682175936,medium
29,0.7975591006371882,5,4166,0.0652441013961863,high
49,0.31036195892357377,0,2945,0.15123844682135612,high
46,0.4552201490818012,3,1581,0.07875102831308134,medium
53,0.011620539908100636,4,3401,0.12164227535328934,high
31,0.07244688779455888,2,757,0.0889147002138857,medium
35,0.3924935564066848,8,2880,0.14847398741795637,high
33,0.4799388347171235,0,522,0.04566625047372217,medium
52,0.6000205481193037,5,3781,0.011691597447375402,high
21,0.29166257870930323,5,4366,0.05998587949461325,medium
32,0.6949818861265425,9,2810,0.09486173297368605,high
23,0.8601223971892046,4,552,0.03360401043853572,medium
33,0.7798509888933498,4,2497,0.07095945793127774,medium
3,0.039618825348357145,9,2075,0.07999660365871371,medium
18,0.48050694725782894,4,1757,0.01147836873765471,low
25,0.10493017841817487,5,2641,0.11666144963684091,high
42,0.24204501586252747,7,3175,0.1768686855942575,high
31,0.9866625932671464,1,3264,0.030348582590610487,high
54,0.14249554290151323,5,3066,0.1195616026803028,high
58,0.49888815345135606,0,2153,0.13294784098216925,medium
3,0.6181557343181191,3,387,0.08386693608385767,low
40,0.702464970544104,9,3317,0.140219517472854,high
46,0.5596486834869141,2,3954,0.08214630869820241,medium
24,0.00977084741918366,8,1547,0.10092745759548699,medium
50,0.3264613082439919,2,707,0.001470608910885396,medium
32,0.5177116433847114,5,4652,0.13834402282693778,high
47,0.08786649914483335,0,1864,0.1322685357889449,medium
22,0.35062693120918076,5,1325,0.007680175465268913,medium
23,0.033203108791366565,3,1335,0.07365002147902662,low
2,0.07857849715502074,7,1129,0.1958063681583335,medium
27,0.39692327620159606,8,2771,0.08414731251372337,medium
42,0.13271575404306035,3,4062,0.10038908102636834,high
2,0.5675408482615582,9,4642,0.1819860316319437,high
26,0.6894649691372657,9,3277,0.1434523751731513,high
17,0.8005866991090829,5,3822,0.11641402622484472,high
40,0.2001502442448101,0,1575,0.15956093626821452,medium
33,0.16748258225906976,3,2996,0.17287325329119466,high
9,0.10456784033440025,6,908,0.09137761434745338,medium
43,0.6364302495436367,0,1078,0.09502167298636709,medium
54,0.7064757264869012,7,2563,0.07721018713036716,high
48,0.03158614482564204,9,825,0.19334122800369213,high
39,0.9362122462436898,5,2601,0.1394332508580701,high
29,0.05197128365147241,4,3462,0.01664461324161446,medium
42,0.5412963353010705,9,1316,0.1725919246626037,high
55,0.7090605194509164,8,4151,0.09611198816725362,high
26,0.8709691237460856,1,2297,0.013750781284497493,medium
35,0.7140869321324278,4,2906,0.10994345103266222,high
50,0.8017280830697918,5,878,0.08343285579514043,high
25,0.33945019254280606,6,1072,0.175549880972525,medium
24,0.8148251137465122,4,2910,0.04079892072187748,medium
13,0.08011484638467514,8,2223,0.16529292189843658,medium
58,0.8948166560605276,0,698,0.11153773823709055,high
7,0.5475923761537362,6,3441,0.01092206064269381,medium
57,0.8172977699624937,9,324,0.19436906026509693,high
36,0.45231828451830014,6,940,0.10252304882063999,high
45,0.643577695196525,3,1914,0.0581753708463165,medium
20,0.5264026609361132,8,4909,0.09388136839785162,medium
1,0.7315895217553319,4,1206,0.1715715567034978,medium
8,0.08162998203058958,3,224,0.0609806248770127,low
46,0.0603520839905638,6,3346,0.03853527929734007,high
16,0.24710323401014644,3,3031,0.025814249386176293,medium
14,0.15954468011318834,2,4225,0.059571879678042255,medium
12,0.8717835665922017,8,3071,0.1560096174080087,high
51,0.21921398735804432,7,2117,0.09432527303905235,medium
23,0.9758652558191313,0,2515,0.045496320738708,medium
15,0.33689579177110685,6,4690,0.03323699992194984,medium
28,0.18211791568869928,8,3196,0.06654589530207582,medium
34,0.7896985071424791,7,1709,0.18798487457714178,high
2,0.6587077755008761,7,817,0.06860534251800487,medium
32,0.498195716453139,5,3661,0.1976248151909271,high
23,0.5553635509376312,3,1116,0.09704609115307124,low
22,0.7192017782722638,7,3665,0.03583278365803018,high
51,0.22845474133129873,2,4801,0.1782280183587019,high
25,0.9963339160567419,8,4570,0.09207107462696539,high
58,0.9747931621467831,1,2060,0.1419342687009049,high
22,0.6503256863469369,1,1148,0.19674231664183037,medium
58,0.19954245092914513,6,1457,0.010035070063994801,medium
58,0.6802282424312913,9,3526,0.01933891195751343,high
22,0.07219840897917584,3,215,0.14409134829255124,medium
49,0.030652502205806065,9,2195,0.0563650006590944,medium
52,0.2576828885112137,7,1901,0.03686027939001981,medium
42,0.4626229567393163,8,2246,0.0078723759639459,medium
6,0.8682725054083805,6,1720,0.004369342397240361,medium
15,0.727169069766308,4,4880,0.1548971206239582,high
54,0.742706521199981,7,3050,0.026886685473910002,high
43,0.42549333444807536,3,3892,0.09354412319423018,medium
37,0.3459349925469629,1,3041,0.1211793630358966,high
33,0.3710387629846027,5,1077,0.08567036011376926,medium
8,0.9876495637360578,8,3166,0.005421330467246622,high
53,0.04010919141248248,0,883,0.15670030051758177,medium
44,0.8670314961224486,9,340,0.0021026449083306974,high
44,0.5786754085723934,6,1653,0.1523779788754968,high
5,0.43861541918959046,9,4678,0.17866089875762456,high
39,0.7252576604151365,8,1112,0.08656798421143447,high
4,0.48666894142470285,9,286,0.10710849461955965,medium
6,0.8734232380816606,8,1981,0.09539667852353076,medium
45,0.9007018640112585,9,4686,0.07784172372468777,high
32,0.4217209268734554,2,530,0.17748490707407205,medium
52,0.2768277972350516,4,338,0.1787867021339981,medium
30,0.5923503285933622,7,2445,0.06716327292830691,medium
47,0.912363345616691,7,175,0.1230139508029396,high
35,0.21066218900566658,3,1456,0.18538151242917283,medium
55,0.6229665835634828,0,2430,0.19241169978827033,medium
40,0.6315602200925206,0,4786,0.10179180808440952,high
52,0.733113022415281,3,2002,0.09056496105686536,medium
16,0.1315676851272598,5,4113,0.05573886318570516,medium
13,0.7158249646820886,7,4770,0.191774374638082,high
50,0.909032520665641,5,2159,0.028562860894573473,high
42,0.17968310887024197,8,240,0.11596591520954501,high
30,0.23754332492387764,8,1889,0.05651005350372778,medium
19,0.9713950940416396,1,3726,0.05580165806955933,medium
17,0.18097695270948977,9,116,0.0809937174752377,medium
56,0.8543850933695791,0,4448,0.1997585871631309,high
19,0.4922778564480348,1,564,0.010993261367964413,low
28,0.24723107440317704,4,4571,0.1157083636407063,medium
58,0.8707499012725114,3,1927,0.016514431607055437,medium
55,0.4453052550026655,3,3128,0.030904165998103795,medium
26,0.5148173539296902,8,619,0.08791258835457974,medium
37,0.3592333693997657,7,189,0.10209202626928826,high
26,0.5929508514349274,5,4915,0.0517584816729048,medium
53,0.16352387258502277,0,2951,0.06329142617488324,medium
23,0.3910815366517607,1,2943,0.01739340405118661,medium
9,0.9694123223352875,5,4825,0.06064395676885011,high
12,0.25813343270112754,1,1984,0.19331168787610883,medium
53,0.6567366645412922,9,4271,0.18894147633449634,high
1,0.3251900642246949,4,1025,0.06697565802739701,low
58,0.7734731256866006,4,3834,0.11417078725575232,high
58,0.13087366071834983,5,1069,0.1819190782221889,high
1,0.9698210450785447,5,1194,0.001236764528179335,medium
47,0.45378954138363925,5,3295,0.1621367140675184,high
34,0.23605046334646396,1,1504,0.18967391055778382,medium
32,0.07349674733001266,9,3464,0.018265146866711414,high
54,0.16975790508754074,2,4390,0.03228953720658421,medium
48,0.5197739485560177,5,4082,0.1921492605542711,high
25,0.3370031764312863,7,4423,0.10750802872806926,high
40,0.8288833658826095,0,4113,0.0028393268943447403,high
45,0.43088752366180594,0,4656,0.051526399752705836,medium
53,0.2487142725876299,1,4813,0.08998873485377193,medium
1,0.61714498660403,5,3192,0.13858178220495354,high
16,0.7067772168854458,8,4259,0.14663207562735991,high
39,0.16704190790094986,3,2174,0.19908430258509124,medium
5,0.16761921628831766,2,384,0.05750223987675181,low
22,0.03667142693354297,7,1287,0.10764402037369505,medium
29,0.7364020150656405,9,4069,0.10666470957192101,high
55,0.6638045276218051,8,3065,0.08112905188944751,high
3,0.4746308757498139,4,4419,0.033832378768484044,medium
12,0.8441704489691971,8,883,0.19549131263676853,high
26,0.8056701529500532,1,1049,0.17066343733331724,medium
16,0.5853543643967521,2,4039,0.09966660565884744,medium
51,0.8682712805132586,6,144,0.12064908453680596,high
37,0.20584121003676825,6,1910,0.045452210711932464,medium
22,0.11191961939772788,5,4666,0.10875741407834938,high
57,0.2697496115169896,5,2181,0.13899402662429516,high
29,0.05708685608931485,1,3598,0.10303340567731777,medium
14,0.531169528001032,9,929,0.19805703411698827,medium
28,0.9366056922949615,5,2009,0.12226833124954524,high
5,0.03934354066850965,3,2681,0.07419474251843382,medium
47,0.1221099140100268,2,791,0.15443040552316764,medium
49,0.4521990282834353,1,4119,0.03409250231632841,medium
30,0.9338750175279049,0,1031,0.0769031627412533,medium
46,0.3161561049767505,4,3506,0.06939179007551717,medium
52,0.5072348086883924,1,247,0.08636141902155546,medium
5,0.0415728590503921,1,1132,0.15635596518574527,medium
12,0.14834320096208886,6,1411,0.09683460643268149,medium
16,0.9866301229588469,7,487,0.15880289005319256,high
26,0.9651186964360455,9,3221,0.11529778062797319,high
26,0.004939980934409616,7,1973,0.06841388693151107,medium
48,0.951811785423239,3,3688,0.1619957487366945,high
21,0.6391199378155004,0,1015,0.04765793411061832,low
39,0.8679182945200221,6,1978,0.044876595959959104,high
36,0.4547398556338591,0,3848,0.10090058481096716,high
33,0.5155960285792502,3,377,0.05216984919241779,medium
30,0.4888465802569202,7,2077,0.0018174069902432645,medium
37,0.6668642575461043,1,1959,0.12965950545976032,high
23,0.1396512547563129,5,3136,0.10221876429447961,high
58,0.029973589872677953,5,3471,0.08910356289863225,high
10,0.3079299415911909,8,4813,0.1933937029236631,high
54,0.7046807627366467,4,2282,0.11423983679258275,high
5,0.20185345212294836,9,4775,0.17268631555787692,high
36,0.6734324333249173,3,1270,0.027890047241032036,medium
34,0.9699120461072704,4,589,0.11384129262588555,high
52,0.09390071578941839,9,2625,0.1735959253461806,high
31,0.6726021182251263,4,1282,0.11662115145597961,high
10,0.44375021930457115,7,4579,0.1436028356254003,high
58,0.8681422543775054,9,4358,0.07440871356244148,high
19,0.1771497894473859,7,2588,0.018489903407413324,medium
58,0.6926259522261645,1,1976,0.09158005902541429,medium
32,0.8381152896481102,6,2562,0.07889587816777151,high
1,0.9446142194740232,7,1730,0.17341203647578948,high
56,0.6832480282896458,5,387,0.048799060470494454,high
5,0.4971747640084273,4,4382,0.19334684550702164,medium
45,0.6178472402012138,8,2007,0.19162762396089925,high
4,0.8689049844787182,2,1261,0.04952632861428774,medium
16,0.5706097466388297,9,229,0.0696103910954641,medium
24,0.03038705969683686,3,2463,0.17911114817477702,medium
16,0.9309486955069778,8,243,0.1933244441792215,high
55,0.6895267510315611,5,115,0.08868782056720881,high
2,0.6765133857772465,7,344,0.06419940912817956,medium
49,0.21567515239771717,6,1026,0.10521880265030842,high
28,0.6588854702326572,1,3278,0.13755384127314696,high
32,0.3938644056541585,2,2276,0.054694903074995964,medium
27,0.6512329770414921,0,986,0.14729463492381456,medium
20,0.10659303030799072,8,440,0.010331471422928208,medium
24,0.657845304603036,6,2151,0.009858898552883289,medium
12,0.9994137257706666,0,3498,0.07725754102910905,medium
50,0.04821203886055603,2,4050,0.07069463841214411,medium
35,0.9771741842213173,3,405,0.06312664307343045,medium
33,0.4069079607228706,3,1007,0.098203952533782,medium
33,0.8707534503372591,4,2754,0.06414671646231425,high
51,0.7823854840582735,2,3892,0.03845158369361839,high
43,0.5670162609866678,2,4142,0.06189390981772019,medium
37,0.7384492092513265,0,1471,0.194980854562047,high
12,0.8785155613013479,6,420,0.08222268339896972,medium
3,0.404140321651033,9,4754,0.08894255537166716,medium
1,0.3270331615632387,0,4159,0.11530899799022801,medium
33,0.6675933855635847,1,1231,0.19666815368284532,high
40,0.8078459419412586,3,2678,0.04832025528715261,high
10,0.7622851347766157,3,4142,0.13625642210648678,high
43,0.7978136488586345,4,3467,0.14319693870834482,high
44,0.435583314812933,1,917,0.12146488335861319,medium
29,0.8178342161750216,3,111,0.017715667927328815,medium
13,0.12020905537060844,0,294,0.1353744551655153,medium
12,0.5444890979608495,1,2637,0.012818942207235097,medium
31,0.0057586604981215705,0,2942,0.1192285299099794,high
46,0.3245858299002703,9,2329,0.14791623544434854,high
2,0.3664615348713979,9,3109,0.04219397812399009,medium
51,0.3961726916092554,3,4851,0.16832440150855482,high
50,0.6954672066898622,3,2177,0.006070761106600853,medium
35,0.38855810127034573,6,3967,0.16876257273166123,high
23,0.44869362262253065,9,4973,0.09206581012855303,medium
17,0.23754413087432746,8,543,0.043517587986328904,medium
26,0.3732517916293401,8,397,0.026755628998793603,medium
8,0.22726962726315147,4,944,0.19066143351647452,medium
29,0.07319592376844364,9,1115,0.014533117516231342,medium
26,0.6034485933813779,0,1484,0.03981868398718513,low
10,0.6682127985550163,0,1497,0.0695644694866092,medium
26,0.6194903460096145,5,653,0.1240469697922241,medium
34,0.46349404380057235,1,2450,0.10896021705521969,medium
51,0.3797857801792298,7,4616,0.025128698482462797,high
41,0.8633336495718252,8,1369,0.05794559674764293,high
7,0.519081785136218,3,1360,0.04775035421720482,low
4,0.47918187762973097,4,284,0.04270857089806828,low
58,0.025642065806435688,7,4663,0.08222886729599742,high
53,0.34124782762615635,2,2510,0.14080629051833138,high
50,0.38019561878585706,4,4531,0.04349058644344719,medium
45,0.3988227808969005,2,2309,0.07333577594059629,medium
11,0.5801723692273323,9,3772,0.07818348536823246,medium
29,0.5336025467268785,2,4783,0.19529130588708205,medium
56,0.6079050927934446,2,1981,0.19093327137581378,medium
36,0.7648832615421283,6,4396,0.1600275165504152,high
25,0.8129857387160935,6,621,0.04833178416383704,medium
21,0.7181230762264944,6,1987,0.013607462818333938,medium
57,0.9555236959549347,9,2652,0.06338082754412495,high
36,0.01823258267636163,7,3909,0.05335890988676617,high
10,0.1957779856835461,4,4983,0.10118516002927878,medium
37,0.00756287497814212,4,4255,0.15554558201355861,high
9,0.647474714154603,3,4773,0.17166458777577162,medium
24,0.8980305489499869,6,4516,0.1689728170821017,high
35,0.24348229657629927,9,3579,0.07193511224461356,high
49,0.9270345447963066,3,1509,0.1374468686921366,high
35,0.06026739028956085,1,1794,0.06256683950484401,medium
48,0.9344360268055143,3,4764,0.012181108647036544,high
36,0.3516226872396344,7,626,0.14031305312058848,high
18,0.10142082844921652,8,2760,0.001965510513957569,medium
49,0.48587175918632564,2,2272,0.08183651749169772,medium
39,0.25677656772050794,6,379,0.06587585386041515,medium
32,0.28487290196192283,8,3064,0.1386755077037705,high
24,0.3072899649262866,3,4077,0.1532490945520758,medium
23,0.8030258978326634,9,2769,0.06081892719425677,high
32,0.5391612766752545,2,2993,0.1623254028889707,high
37,0.31130769915600365,4,1851,0.05878335210098676,medium
12,0.6103337833109184,0,4081,0.08926527199731225,medium
49,0.7161506742231936,2,4869,0.1454037054028268,high
55,0.27262400073353377,7,2461,0.13858404584495773,high
13,0.4135491015253515,7,4527,0.19747369446244,high
23,0.12188609333694755,3,4231,0.045032204843186374,medium
25,0.18114934953468032,1,1808,0.13246358270791647,medium
35,0.6811178539649828,7,2786,0.12193638165515548,high
41,0.18143834769562694,7,2995,0.183019690898006,high
30,0.5251633836670602,9,4635,0.03127242832897501,medium
17,0.7090462617224327,3,2876,0.15035963271738662,high
49,0.10687692309474384,2,1219,0.11365372325375367,medium
20,0.5673122196289035,1,3088,0.054933173957581086,medium
48,0.25656278370136376,8,4359,0.09488698282943482,high
25,0.9629268752375798,0,4343,0.06675531941395955,medium
22,0.4835456467199247,6,294,0.11586268055769218,medium
13,0.8059925497751581,4,762,0.17780012216293317,medium
59,0.5502265421562618,7,579,0.1138609968824404,high
19,0.043412532854819164,3,4318,0.1263444836653168,medium
49,0.6331513755940223,6,1523,0.10374956942294189,high
36,0.951403342206657,4,2808,0.010233101289095181,high
12,0.6016118201463312,4,3275,0.04657171137521885,medium
41,0.8191888594267902,8,3914,0.09840034588641655,high
19,0.8842064633484078,8,2114,0.062047056748940954,medium
12,0.22807977194893247,8,3889,0.036352719552238844,medium
9,0.21204483990822665,5,4905,0.10082656838368767,high
7,0.6109809888509917,5,2543,0.06456195868957007,medium
28,0.4110284698067047,4,1011,0.051621528634682945,low
14,0.8398613028667203,8,3313,0.09279708348807617,high
31,0.9000231233980112,9,2464,0.02665685161643463,high
52,0.3534213793027181,7,3729,0.18554914661508148,high
19,0.23687055897448206,6,3572,0.1735404195838478,high
58,0.7805255152438618,6,780,0.14152411714810706,high
47,0.2748060355481361,5,4751,0.021242765517691244,high
16,0.8226143185136784,4,709,0.1551754508939386,medium
53,0.42373825364876283,3,2256,0.16159146562180382,medium
5,0.6675498992914705,2,3966,0.15355292354286754,high
35,0.09553531383466818,2,471,0.022793177423848232,medium
12,0.623859324676573,5,715,0.12878159141355294,medium
25,0.4517676787372291,3,2353,0.16686495914987973,medium
52,0.5866084631754741,5,4238,0.11547068024393355,high
59,0.16801420774486342,2,964,0.1292814750456178,medium
21,0.7368737449441821,3,1368,0.09167269588526124,medium
36,0.8627970775432285,8,884,0.10574146397681053,high
53,0.21673980009077565,4,4671,0.006875371670345043,medium
23,0.09571455552016173,6,4278,0.12779260439465692,high
16,0.023638586046336396,9,2337,0.01628944257823184,medium
57,0.641971500443266,1,4154,0.08700291886804468,medium
39,0.6070940360887808,4,4995,0.05853101953348157,medium
45,0.54669741271407,8,1035,0.10908559004234263,high
53,0.23194709611597542,2,4080,0.026683267104641417,medium
42,0.39090599590551467,8,2438,0.13832868039466364,high
58,0.594476335186173,5,425,0.1590023073856941,high
39,0.4967668588591694,3,1634,0.0326708899486313,medium
14,0.9877855202148873,6,3580,0.020862617470376432,high
31,0.13643975255673313,7,3961,0.02910309655747183,high
58,0.6951445540475938,5,2085,0.17542551237970036,high
5,0.4043187681042921,4,4703,0.10563785235127124,medium
35,0.42819961492561476,5,2878,0.09345219920150052,high
23,0.7175977656581762,4,1370,0.021342363820470858,medium
29,0.6924361513243696,7,740,0.12991120135139236,high
43,0.9912559937021883,0,4803,0.173599918379018,high
11,0.12839428945412523,6,4178,0.1656371738646906,high
18,0.10410964938416634,9,4761,0.12521094179616027,high
47,0.7243388171287412,9,1467,0.015055743330334726,high
12,0.5783869170064091,1,4142,0.022479405435202594,medium
9,0.27416066655980587,8,2675,0.009861797421964935,medium
10,0.0794193689889866,0,3703,0.05149584329849386,medium
58,0.08565824959643054,9,1681,0.02713229343207555,medium
44,0.8941908746641183,5,2086,0.05200960805048678,high
17,0.1918673247187429,8,2340,0.07701161114379235,medium
38,0.32337156211552076,0,4066,0.18859655681422716,high
7,0.22665640222698802,3,2205,0.12207521195633841,medium
46,0.3549963058319373,3,228,0.16699475713659248,medium
13,0.06942384274609337,8,4901,0.14207030014246644,high
40,0.5190597909082704,4,4096,0.02250062610532635,medium
42,0.0676125635922149,4,951,0.14718408127478977,medium
9,0.8003565078223616,5,4203,0.05501977631182489,high
50,0.23371208191043302,0,2176,0.12782156939894126,medium
27,0.5400119146045106,0,3094,0.06819239472859771,medium
58,0.8800790875614583,8,3844,0.19953445265293185,high
2,0.6508773690471942,2,2856,0.052710295899355566,medium
5,0.5329577865513353,3,1744,0.055826094154853935,low
29,0.3243337531153756,0,4471,0.18613445111247967,medium
37,0.33300191305819793,8,3244,0.004928880927264534,high
38,0.6694869551981901,7,342,0.13933779757463938,high
19,0.9941393612211675,1,4185,0.14506527814717562,high
8,0.6618391898493786,7,270,0.16727571548207987,high
48,0.5577834173700249,6,752,0.19488786212769507,high
45,0.7306505102392461,5,3612,0.19512038383133049,high
1,0.46520561228371815,0,1599,0.01305535151329278,low
22,0.060142342600785215,6,2199,0.1643678645505805,medium
52,0.5622968158779098,9,2258,0.12926198673147626,high
17,0.9576252845053802,6,2072,0.12946842687461824,high
7,0.17530294235765964,8,4025,0.02566998532293896,medium
25,0.6900048908206657,0,2358,0.13003743328913067,medium
45,0.20093368865905648,1,4139,0.19649651612024957,high
4,0.5358276844730813,8,2135,0.1823637139078894,medium
36,0.09667644964671962,8,3371,0.08782613216097011,high
6,0.45037093625818514,5,957,0.007989594657218869,medium
31,0.7561633288952461,5,3923,0.07245869800004097,high
19,0.3475715242389821,3,1149,0.16527806232011105,medium
44,0.664911724487218,3,4090,0.1402998202930332,high
54,0.7954499607897292,4,398,0.09186873111879129,medium
39,0.9271778194794527,2,1023,0.01102030703176622,medium
27,0.23464208185545354,0,4332,0.08537894556466052,medium
10,0.39931591580930814,0,4406,0.09380498794357671,medium
26,0.15241601333041743,6,2899,0.1857111065788272,high
19,0.9924835021583752,0,4975,0.1282172207164319,high
39,0.9270009679242953,0,4162,0.06233058333092978,high
3,0.5399571302805596,2,4145,0.10506365289014429,medium
45,0.8420332943764213,9,1902,0.013211061564432015,high
13,0.5209579772720422,3,2813,0.19451364712994737,medium
50,0.6235856880027597,3,4606,0.0720119803861452,medium
28,0.08912443211601662,1,2953,0.09557347098262717,medium
58,0.7552704204968079,0,2757,0.07105679484738452,high
20,0.12771348363523483,2,4622,0.13650234602324005,medium
28,0.8260676302525284,3,3446,0.1324464316659186,high
8,0.7820280876703859,2,1571,0.14306446210582713,medium
41,0.7087446977429764,7,3049,0.05362864592238417,high
39,0.036160380524762115,9,1041,0.0631336962328132,medium
1,0.3031283559453286,0,2007,0.025050246219241592,low
3,0.26311256991084286,1,4937,0.1311019943692225,medium
13,0.3601364074715191,6,1343,0.00795942546713051,medium
28,0.08764274676383854,3,4523,0.11953646710469182,medium
57,0.9369578230310628,7,1566,0.1739391769703268,high
49,0.5538022407123763,2,4057,0.17816642965792673,high
25,0.30552431065802355,5,2066,0.08980755207399234,medium
56,0.3969815170742834,8,475,0.09186073764261476,medium
33,0.44720254050483565,0,362,0.015393836601603473,medium
38,0.6005943333606173,0,4462,0.13415300508860714,high
53,0.5156794276964978,7,3488,0.16425188407456912,high
6,0.9193919732144173,2,3495,0.04893101092094261,medium
58,0.49696348290583026,4,2044,0.08426017632667293,medium
44,0.9921580148233127,0,1993,0.16776786735305407,high
45,0.8514249577450957,4,3734,0.1754240935324576,high
32,0.2085105143573358,5,1752,0.04863599605284519,medium
45,0.9305952146439163,7,4241,0.11011412690827285,high
47,0.11636639788547609,2,3992,0.038498630127165416,medium
21,0.8174497084911916,2,699,0.02037575282791131,medium
16,0.3806232934765801,9,4915,0.18222410027839153,high
54,0.8779743204450695,8,2012,0.16410150084642183,high
21,0.8680566901074503,3,1392,0.15200698036063479,medium
11,0.8059254001176211,3,700,0.009753263762628084,medium
37,0.7900304363070614,6,480,0.1687457585420515,high
36,0.3046791390980408,1,4313,0.08760881518107676,medium
35,0.08091928305125218,7,3737,0.06847902465917192,high
19,0.40298017876516146,5,2263,0.10929527220507529,medium
20,0.17352451498650867,2,4455,0.018270648544711166,medium
57,0.6949510889024617,8,1198,0.15132930987047977,high
18,0.34609972653778553,4,465,0.11648701537765918,medium
47,0.9756102008599149,7,2670,0.037318019374633506,high
41,0.640972077345332,6,3519,0.03764643995380912,high
49,0.822480563634361,7,2576,0.03684973031453485,high
14,0.13252467274184843,6,890,0.011400477510386798,medium
15,0.8620144822726226,2,3669,0.11755968987433696,high
31,0.9227571905133943,1,846,0.16806963551770163,high
1,0.4870619188189359,6,412,0.00349964279747772,medium
53,0.6062529377509774,2,4733,0.00980092899425471,medium
54,0.7648098009029954,2,1020,0.11455405533738916,high
54,0.17483862726041255,1,1177,0.1638991370772105,medium
3,0.5025660764634424,3,2929,0.06534777811372672,medium
16,0.3986630277723131,7,2481,0.06992287976154443,medium
23,0.1463739921622491,0,3718,0.11926929949935519,medium
57,0.36753442229153144,0,897,0.0548425778248294,medium
11,0.06817230938549357,4,4543,0.005321673215536827,medium
12,0.025811906949486985,4,372,0.1470457036203192,medium
10,0.13516628915482276,0,3110,0.12512998258829064,medium
32,0.9631151115891738,5,4915,0.11615119981113183,high
16,0.549529535895017,0,1873,0.14833682579836463,medium
8,0.96582216115322,4,2647,0.1350461675124075,high
38,0.432497878330132,8,3264,0.04117639763566423,high
12,0.3118161330852596,4,4880,0.07049620938867023,medium
24,0.5061418628402441,5,4817,0.025222028335725,medium
28,0.4395116886329101,7,1046,0.025971402683576207,medium
53,0.10566468426174391,0,2765,0.13523914927130784,high
8,0.6408263146902062,1,606,0.17172002139649967,medium
58,0.2160381825095996,8,343,0.1925465167722278,high
28,0.6195879548978296,2,605,0.12566942350988888,medium
36,0.6502010923981534,5,4617,0.0368202646721914,high
26,0.1520248531286481,4,3258,0.02113006908978614,medium
8,0.06134962711066816,1,3690,0.16257019430735156,medium
58,0.7807615860684398,6,1972,0.11575129527199986,high
50,0.4598004237693202,3,3893,0.12365700420274398,high
28,0.05816379550547579,0,1292,0.15629241775094185,medium
28,0.9948663171697671,3,4525,0.14065544554649032,high
37,0.05778056099636664,5,4845,0.16689165057121935,high
41,0.6950352288585532,6,1564,0.011242781091975696,high
36,0.9836789252634136,6,490,0.14950412734930096,high
27,0.23918010421592562,6,4576,0.1701705514644191,high
54,0.14224936868719618,2,3477,0.05722700849166287,medium
17,0.1213849394224289,5,4937,0.12808945479865058,high
9,0.30327514756759555,7,772,0.06283241276739442,medium
33,0.10104581101064669,3,2660,0.19159421329649082,high
53,0.6921613416941319,7,1311,0.006684714487100752,high
20,0.06229179813006269,1,1029,0.11595856876659101,medium
13,0.5094221281497897,9,1639,0.03330070940990302,medium
28,0.9966968538529768,8,1012,0.14244404103543173,high
48,0.8139702695060188,8,743,0.03517805668373242,high
29,0.6152194382310109,7,4622,0.04707665237967151,medium
13,0.30625362078661167,9,601,0.09887416220915163,medium
46,0.6238958362916385,9,829,0.18296698999937563,high
35,0.5270414639116516,0,1383,0.04234287442959417,medium
6,0.4260833838903715,1,2218,0.028848004223620705,low
18,0.13071037674019947,5,4652,0.15179536637080615,high
51,0.8866042152404667,9,4486,0.1001239064667862,high
5,0.4497846488213225,4,3936,0.1823570224763543,medium
47,0.19462251182076507,8,1019,0.029322911431968458,medium
25,0.3677593508772896,4,4150,0.12918557860460786,medium
2,0.41412975252892703,1,2439,0.04657582923036301,low
10,0.8275378955668743,9,855,0.03135208573032786,medium
56,0.733614380561402,3,1969,0.1366858830314541,high
30,0.7693048936413398,8,4572,0.11873692398174665,high
50,0.011031264428647214,0,607,0.15096549167246626,medium
59,0.4161539981797615,0,1536,0.06189251528923648,medium
45,0.4813441516353236,6,2675,0.089594331276438,high
5,0.019192276823056686,2,3526,0.0810943352660837,medium
55,0.2598132087450342,9,658,0.19681789279330286,high
56,0.760289823122135,1,3202,0.05844979134787758,high
33,0.13710970572899905,8,4616,0.05896344766935338,high
54,0.5353101314525917,2,3722,0.07090964176572148,medium
1,0.2152018720172375,1,4499,0.11291881625806431,medium
18,0.012120774643893273,7,4157,0.05046454885274905,medium
32,0.24120145759954148,9,3815,0.1830579880758548,high
47,0.9758737549100538,5,1401,0.0531371129732527,high
49,0.8015371118829896,5,2255,0.17916314631203895,high
11,0.9595766443210334,9,792,0.020695012729316932,medium
21,0.48785404392636245,6,4450,0.13131254047993046,high
26,0.1097361986775035,6,1578,0.18139710368764875,medium
25,0.547959488973693,5,356,0.03374988767964591,medium
22,0.4543773345599609,3,2530,0.193665392019851,medium
59,0.844357082739616,8,541,0.09057667208310234,high
27,0.09808258078424459,5,1981,0.1891430216882049,medium
49,0.4882411370217782,3,2746,0.1353640087260094,high
13,0.15004866469398426,2,3920,0.06031737397471031,medium
33,0.32467592689006,3,4777,0.037660504983421286,medium
34,0.7373570773877997,2,1835,0.060747009245019884,medium
41,0.47601812936876653,1,3835,0.018603481852535,medium
35,0.37588828514576933,4,2745,0.028773593268665954,medium
1,0.3944762785700353,1,118,0.02093208806929623,low
21,0.45944676840598664,5,1224,0.08458870874831155,medium
48,0.7850165438370569,2,4085,0.1591156752515173,high
55,0.8920846889402344,5,2754,0.02827671084326804,high
6,0.9553346865039283,9,2180,0.026064086634467177,medium
28,0.7869033862552951,8,1647,0.12868578990346616,high
17,0.31540689574801273,0,961,0.03943659639361326,low
5,0.6881347060865421,5,254,0.019522007621798322,medium
31,0.4376031240553919,8,3594,0.03336971564111553,high
5,0.2546706220460512,3,1004,0.18474627917535524,medium
38,0.8408715794259226,1,1369,0.16429425055523816,high
3,0.038426348962324997,3,504,0.07081291247101883,low
53,0.9017619921354235,0,943,0.13116415346547858,high
23,0.46147746462473416,2,1882,0.10745513473360763,medium
37,0.6372014768082804,9,1664,0.1354248526965128,high
53,0.6593539222057827,8,1284,0.13653423049255187,high
37,0.8951177407065364,9,846,0.1257468030119986,high
10,0.6366696821672073,4,1825,0.05322027370746172,low
10,0.6139335847600618,5,3288,0.007801284152563626,medium
19,0.06665204056068996,2,370,0.09111335639802176,low
17,0.5184080219452041,4,4965,0.1781947769381408,medium
21,0.15016900081704165,7,4056,0.11389945170371518,high
14,0.7374337687214856,5,271,0.1664782083403816,high
9,0.5122219208126745,3,373,0.19832486859224563,medium
46,0.6802277792083533,1,2406,0.03272324082765526,medium
1,0.041672900602384266,8,1258,0.13835552782839647,medium
51,0.08479201604580322,0,1806,0.13485871474000494,medium
45,0.7163233880626823,0,1871,0.1959910894716557,high
13,0.07208433599867337,3,521,0.19712014679056009,medium
4,0.0712567277652586,6,1309,0.1373357223448259,medium
1,0.01210847523488745,0,4775,0.04872295839643886,medium
49,0.9565013982994801,8,990,0.1597111676261198,high
40,0.737508359459007,3,4917,0.021405826842207622,high
32,0.35325140850206416,2,3367,0.15613986083432574,high
34,0.2965355812876552,0,1573,0.1820392248289393,medium
28,0.34970322974584955,9,3343,0.07656667895368706,medium
31,0.7746535311811819,3,4578,0.1261270589966161,high
8,0.6613706110704144,8,2281,0.08602854641936526,medium
39,0.18519556786746794,9,1549,0.08755301099762569,medium
26,0.17410933533408435,5,3196,0.06207417782162401,medium
58,0.09839564971339732,5,3356,0.15242592409006495,high
34,0.6603027197013381,0,3256,0.18723531283330105,high
54,0.7643726622217359,9,1690,0.18815017184689223,high
54,0.265046428325004,1,4339,0.03495625697498677,medium
3,0.020944961030912812,5,4081,0.17494872993131322,high
59,0.08217166747642735,1,1535,0.14748628828542443,medium
50,0.9678600348450305,2,323,0.050567480138057855,medium
12,0.29544477747742026,3,319,0.013456922584302911,low
1,0.7692231478381336,4,4374,0.0535994533768756,medium
54,0.6246635688542638,8,1754,0.18244164735630514,high
44,0.3819396396528959,3,4628,0.12663573497915445,high
5,0.2056872621955551,8,364,0.14421093217957437,medium
30,0.12138641815940643,9,1053,0.05143047022181917,medium
30,0.6150129680388666,2,4624,0.14387763111496407,medium
59,0.774633780637788,7,3833,0.005624301255584752,high
57,0.6439042535411307,0,2874,0.07506426915460276,medium
17,0.5303021332491583,8,3224,0.12535066970846626,high
48,0.041951223431636264,8,579,0.029219313108264047,medium
47,0.9684887775943838,9,3614,0.16460071488938696,high
23,0.7987141916545746,1,1453,0.047006259762383734,medium
15,0.29282203670096474,3,3422,0.13045622256368924,medium
37,0.9799703293588506,7,3978,0.08103942851506594,high
21,0.6018815896363221,6,989,0.11920871909552944,medium
14,0.5824226582072465,0,3954,0.021490110525781626,medium
2,0.7480731794295321,4,1024,0.003382559984321465,medium
11,0.8117697880901376,6,2270,0.18191288547606024,high
51,0.6564786073315027,3,2002,0.053926001753436564,medium
39,0.12809574636620003,0,4973,0.16393540055609182,high
38,0.3382675059944984,8,2495,0.19987006009444006,high
34,0.9280836403260497,4,128,0.042286251599782235,medium
38,0.22461561184385193,1,134,0.05303414823667112,medium
50,0.3721670238375133,7,3689,0.13257195752693315,high
34,0.432076882944196,1,2770,0.19308972692012427,high
18,0.4394049896944522,2,3465,0.1831628696381488,medium
30,0.6129395824945255,9,688,0.10057510401311698,medium
15,0.9430758377447076,0,3318,0.15902205650534496,high
27,0.24069271183250496,1,3238,0.027149170619980213,medium
51,0.12150137630091806,6,1003,0.19548763684080248,high
34,0.19747048985993731,9,4186,0.19287064680719732,high
52,0.8869249002092695,1,2269,0.032745791575834196,medium
57,0.645810812655206,5,439,0.05988462496062133,medium
38,0.28590678923916013,2,4370,0.020030999501353387,medium
33,0.8159469389686173,3,1814,0.054343519779635946,medium
24,0.861369996363436,7,4792,0.16319115788304134,high
15,0.846514338690278,2,4646,0.0756631214330519,medium
30,0.9189265336395545,9,656,0.017679393429351677,medium
55,0.2522410201733616,5,3187,0.06844510495578092,high
42,0.7550419287462783,0,3366,0.19627666684825604,high
51,0.46053949727414,6,3667,0.1259367190518406,high
17,0.8419985528900615,7,2156,0.08323218928123155,medium
5,0.7284906771616132,7,3999,0.033307702699454,high
29,0.7764474464997246,2,1116,0.19723535945673898,medium
4,0.6561618376810715,9,2162,0.16416980185262575,high
10,0.17742876946970687,0,938,0.056295460490183885,low
56,0.5450269188969383,8,1737,0.014013739144237891,medium
17,0.9846697395245082,5,4421,0.011325111475511608,high
10,0.9373880664971189,8,3596,0.024075629901106767,high
17,0.04317373579701167,6,1913,0.11615371672288433,medium
20,0.16481481572943713,0,3579,0.18575268424109848,medium
24,0.1317287734545619,0,1551,0.0993486856011969,low
5,0.7259799099852955,5,2413,0.16858909649123943,high
34,0.8177853298569451,4,1614,0.08917732397196157,medium
6,0.2135113663106719,8,1331,0.14171670915356505,medium
53,0.505852692951829,1,1745,0.14637454745730016,medium
2,0.8407030280112,7,3099,0.03479274118066773,high
13,0.7328015447662506,4,3540,0.07224321179516235,medium
43,0.5422372054918483,1,4156,0.1274604313076048,high
43,0.5903476904587729,9,405,0.014139321636873238,medium
48,0.50836054691628,5,3636,0.07230803755259133,high
11,0.2975484513188206,9,1823,0.1069598932562385,medium
51,0.5650219928590161,7,1789,0.19924489860892775,high
47,0.6888853020500907,3,1617,0.09490671252448815,medium
57,0.8733229158608077,1,4017,0.16321135142286472,high
23,0.6362913539792481,4,519,0.08641345701332355,low
55,0.761121537043158,1,3036,0.1592781445239418,high
16,0.160071634954573,1,3962,0.11908296032402169,medium
31,0.4615574744197899,5,4329,0.17731908830047968,high
11,0.009331619827093296,9,1550,0.08218851047002199,medium
54,0.24667886452162302,8,3196,0.12086088396429578,high
16,0.7264617151130048,3,3361,0.12600373612376548,high
8,0.9918099513493635,5,1264,0.08347658836009467,medium
4,0.0991780995872159,6,1969,0.028862408737496306,medium
40,0.40149431586128825,5,1919,0.01871188138246711,medium
4,0.8000709686991595,7,2805,0.0033343101199266203,high
56,0.20403563462889884,3,3615,0.17470685284904294,high
25,0.5550849493022862,0,1442,0.047294982447738915,low
3,0.7330712960296748,6,2326,0.042301349856353615,medium
32,0.615985450260179,2,1179,0.1472070800852131,medium
3,0.18802473461541613,5,4306,0.06400322261747836,medium
27,0.3553845686857394,1,4663,0.10120893848236732,medium
29,0.7837917844853972,8,2879,0.03250221305949126,high
32,0.5542265141320166,0,2628,0.19194914429239385,high
50,0.005229613542912737,5,913,0.17031628000344748,high
58,0.7609907600280938,5,2131,0.17275792459300066,high
51,0.03531135494023907,4,422,0.08135474971440104,medium
19,0.7457337827312321,4,3069,0.15247224274143456,high
21,0.2024805601652374,0,1003,0.028775231077956032,low
5,0.9580734801193802,9,1641,0.0017238005183560557,medium
18,0.3679407513020845,4,3603,0.003994586515605625,medium
28,0.3269316163380791,1,2753,0.1173203474809121,medium
42,0.14888805033244468,6,2576,0.09107898104958817,high
22,0.3056042154902149,2,3440,0.10360306978170396,medium
21,0.8766507618282006,3,4343,0.0014926280834438811,medium
6,0.9963343376272473,2,1241,0.08453732393148515,medium
1,0.36830953050684834,2,949,0.14361363224017218,medium
5,0.44861063095454257,3,466,0.08853874039348718,low
41,0.722070938202737,4,2997,0.14644384126244445,high
12,0.8861957804650745,0,1189,0.04660379287936696,medium
26,0.5930443341867842,3,4141,0.16262840089634512,medium
46,0.39152569817782934,7,2138,0.11768624809069046,high
34,0.41262184084862374,9,2960,0.04215261988598125,high
49,0.6956181464968069,6,4370,0.04734409517076659,high
14,0.0032182636042786816,8,1954,0.12560609291390742,medium
26,0.6195893374598407,4,4783,0.16598791864248869,medium
45,0.3554930104413574,9,594,0.08312555640583104,medium
27,0.7941973312770843,3,3282,0.05166008582551845,medium
9,0.09299063982313216,7,1884,0.17340232138212008,medium
26,0.5882022669483905,8,3610,0.133853658350167,high
57,0.48097288988612374,6,3886,0.08961709745661531,high
47,0.6423255259052274,6,4230,0.09758003905586038,high
57,0.06485359448296835,4,1098,0.040851293587279285,medium
22,0.5799837874281313,3,4569,0.1253605260129688,medium
47,0.5614845879595237,9,1551,0.07174850210857774,medium
56,0.5606600944161709,0,1851,0.19912903533486986,medium
30,0.6034876665964548,9,2380,0.09603670305237758,medium
43,0.6764679372263622,9,4900,0.09717712123792265,high
48,0.8049889996807698,6,4758,0.11317035748213439,high
17,0.26982072012821434,0,3034,0.18335120062374935,medium
26,0.8250494101800621,0,3834,0.16016361997195006,high
36,0.4982556822634536,4,3446,0.0902260139595683,medium
1,0.07705827913433116,8,1973,0.1437398531945592,medium
8,0.0585509292439792,5,4634,0.11724709975615233,high
49,0.3342383186960608,2,3903,0.09847340974024979,medium
35,0.7848969771114676,2,2079,0.038463154556870105,medium
52,0.7076809347409158,6,798,0.09278725269097819,high
15,0.7886149646724064,5,1412,0.04916371740451493,medium
47,0.5172690564416094,8,3062,0.18296842997033094,high
56,0.44019899795549056,5,3038,0.06708136269926938,high
22,0.14745252670628395,4,4887,0.19045280290667446,medium
14,0.32819275360931155,9,2400,0.10661105801894225,medium
26,0.43401936617387527,6,3297,0.12630887573523206,high
28,0.08860042967961723,0,226,0.10858808889786556,medium
23,0.22061195271121126,6,1291,0.02587612339334018,medium
14,0.5982252940637388,2,2739,0.0751642438015882,medium
24,0.7356631142391898,8,4489,0.01982922245552479,high
2,0.9983475113929496,5,4016,0.12459080883667635,high
45,0.9331133313435577,8,1466,0.08937483904008779,high
26,0.6425651995351915,4,1119,0.1555969943141874,medium
14,0.421248053294072,6,4179,0.04409409619987397,medium
59,0.6361773647082327,3,4614,0.032913211685866986,medium
56,0.785651618080232,6,4639,0.08126644619275357,high
51,0.11833619092338732,0,784,0.18531707664367625,medium
7,0.40990488969628824,6,3729,0.14208436300248237,high
3,0.8398022856356172,7,2987,0.08378472495858375,high
47,0.383832951933044,4,1562,0.10345443395086212,medium
23,0.5718722712271865,1,4186,0.016842602235419668,medium
46,0.5877693608621982,4,2361,0.19691517927522262,medium
43,0.18447625313363936,5,4280,0.1332814609389838,high
47,0.3622354416522884,1,2941,0.0570808136926845,medium
45,0.33451128874193214,5,1867,0.11716167884304887,high
18,0.026196708532064794,5,4280,0.021896473213798798,medium
58,0.024191763891355245,0,3660,0.19316733376151674,high
38,0.8316970436757735,0,2212,0.03495699757667319,medium
35,0.2730708099728124,9,4858,0.12960606361104285,high
51,0.5180787662388154,2,726,0.04909089250778609,medium
15,0.29872557358877305,9,4259,0.14351227652970716,high
25,0.9406792451153405,9,3514,0.15536427344805623,high
55,0.25929675886577375,2,1475,0.13468394578228654,medium
37,0.4296568127389351,3,1281,0.12289989205103852,medium
28,0.8727302504846018,1,590,0.17849381879040235,medium
10,0.8419335667918086,8,3829,0.01572534219795161,high
39,0.18610141784627732,9,3634,0.06618295315603905,high
57,0.8026433097957104,6,3396,0.04965749592616919,high
17,0.45818688673789265,6,2040,0.19760279241308432,medium
39,0.4829688720853552,5,4508,0.07787795593337471,high
22,0.13347997241594378,2,1982,0.14652253984807975,medium
26,0.08060151375712465,5,3087,0.13694503277620093,high
44,0.7279393069737652,7,3259,0.04241624749547555,high
25,0.49646115235529975,7,4875,0.04779953604231027,medium
17,0.43685070261517955,8,4630,0.05625691271060682,medium
13,0.7295082286523967,0,781,0.08222545565187585,medium
20,0.7655128989911097,0,1173,0.04686501313010536,medium
25,0.15890816766935356,2,2487,0.003930296549369561,low
4,0.6102251494776413,2,2494,0.17587861136143912,medium
10,0.13535408227768553,9,2793,0.19312196627617684,high
3,0.7513750860290457,7,1470,0.0683140774063136,medium
41,0.6569551562671395,9,4844,0.06770137588509458,high
45,0.956614621083458,0,4440,0.0014183625548741974,high
18,0.06895801635642118,1,2256,0.13605013766607482,medium
47,0.05705472115125432,1,2680,0.16508797914972576,high
36,0.28218707469320015,2,4491,0.029321660072000634,medium
47,0.26170568373590597,5,2259,0.03193326987343015,medium
22,0.24697879907199982,0,3348,0.15801664999428755,medium
34,0.9062545805210367,1,3831,0.12325814967082893,high
47,0.2495461998495061,0,3929,0.008972111525543404,medium
8,0.271949726128631,4,1727,0.12450939809245634,medium
40,0.7593982624179637,6,3572,0.061783544568753214,high
49,0.44973984245054,7,127,0.07374503109416919,medium
44,0.7767105569551812,9,2085,0.15394628365937604,high
19,0.06536615756438524,0,4253,0.16218703853452213,medium
42,0.4875711936733843,6,1621,0.08007132536796613,medium
41,0.03361360018328263,4,396,0.18943058720127096,medium
37,0.06265320345535452,9,2281,0.08129254359041445,medium
6,0.906437453344411,0,3502,0.154367207046022,high
52,0.13924537111759516,2,2396,0.09677545291285182,medium
26,0.5324206822752171,6,2697,0.17950646530441683,high
34,0.41109560260070654,9,1001,0.18155224873003573,high
59,0.3473433262588427,0,1198,0.01748336157421677,medium
56,0.8998333456872725,6,1777,0.18729866626204517,high
59,0.0218233967754895,4,2981,0.16510696830408314,high
45,0.6637896861755891,0,4966,0.15826214286253337,high
6,0.9633944342135504,0,1478,0.04018226793710449,medium
37,0.5601681834618419,0,1348,0.16102384175093298,medium
57,0.9368224620330918,8,3835,0.17002654693700736,high
33,0.05225787928602377,2,4341,0.057830066890830194,medium
53,0.4187933190741614,4,1364,0.19045201567246475,medium
22,0.26015779096205116,9,2007,0.009972029279832852,medium
21,0.7308209649807298,8,1158,0.029981850649427932,medium
6,0.9812970904972467,5,2849,0.10751622761030287,high
6,0.2565300624442478,8,2148,0.11515849422446195,medium
55,0.6541746014740745,7,4348,0.12903001666018069,high
48,0.19809763275974013,7,2576,0.0033938258630932918,high
4,0.5653302545716099,0,4116,0.19207335492442607,medium
30,0.4639324866883362,8,4703,0.008917618546828798,medium
11,0.9720053296315371,5,3297,0.02861239054468048,high
30,0.6085272726964666,8,4686,0.002802903505211396,medium
31,0.3495063720868188,2,3653,0.11337168665881894,high
24,0.11409578488793337,2,4540,0.18645337678419446,medium
55,0.15124682873493456,5,1861,0.13318943321609286,high
9,0.2253169299512351,8,320,0.16453149369608547,medium
55,0.250966661340298,6,4918,0.0026562406917160167,high
3,0.8506160578411378,2,4723,0.10840305969594521,high
51,0.5612227882825249,2,2988,0.09191259550110438,medium
31,0.5233909113743664,1,1764,0.09979358884415862,medium
40,0.11476887186921747,8,4086,0.01444263706703759,high
37,0.860139693349435,2,4676,0.1368870722138615,high
36,0.7228143032084837,4,3077,0.10064408297172689,high
24,0.06766836190000158,8,1971,0.15302976997225282,medium
31,0.7078350972297687,7,1562,0.09705812681234308,high
6,0.5435382173426461,1,444,0.029876327245286417,low
2,0.08172534574677826,2,144,0.1296513908155644,medium
20,0.45830064152865646,1,2168,0.034477272421033246,low
28,0.484696287130047,7,1614,0.174478912670963,medium
11,0.16577454016327575,5,2698,0.12262324781384831,high
4,0.9456981470002823,5,1101,0.03144077671139085,medium
15,0.8499753714806619,8,1133,0.19246761149624136,high
6,0.6690223373291083,7,2140,0.10367309266706413,high
54,0.4622955610006072,3,373,0.014579690374331001,medium
49,0.4117655415845085,3,2747,0.12536658088301345,high
30,0.6509734671509542,8,1879,0.05063978140256205,medium
56,0.5454318694069055,0,4576,0.1607386903754605,high
38,0.062273105881885615,1,578,0.16356441471323813,medium
51,0.5125026487703317,1,615,0.19578947117093237,medium
57,0.8064036172328395,5,4386,0.10037390620490075,high
2,0.45923987759695806,3,1291,0.09099137594554743,low
15,0.05195657755426841,9,2768,0.15069512108929614,high
11,0.7862781993840331,2,1511,0.026494131268385315,medium
8,0.2013637821359744,2,3380,0.10938310275862484,medium
26,0.2586208348880388,2,371,0.1092495200261702,medium
51,0.1647063534322959,5,242,0.017894624562077445,medium
45,0.33021506487149754,7,3432,0.08359681710138273,high
44,0.756751505688635,6,887,0.17065695971344041,high
5,0.5193858595039373,3,1781,0.17123072439893205,medium
6,0.20488127415071256,3,722,0.0198475329839362,low
26,0.8778300781520408,9,3941,0.018144176549566172,high
54,0.8795818549515292,1,3776,0.052539095400387065,high
4,0.8705784250460069,0,2672,0.1749532125107987,high
19,0.23879621138153928,8,3360,0.02578051701469979,medium
20,0.4512393441809881,1,4812,0.14399936052548926,medium
33,0.9849896561408751,7,166,0.020233123922620645,high
20,0.7720124763099904,8,4386,0.12462757074956508,high
49,0.027167421225559818,3,4716,0.07121345982382897,medium
12,0.06520459126049205,7,1240,0.1577827925931734,medium
47,0.46393137681233276,8,2414,0.046738089765072724,medium
1,0.9092202058615602,9,2632,0.12784036587799197,high
26,0.5387017979527142,9,3680,0.04713650691517699,medium
14,0.4978125080342902,4,1287,0.14273205662243077,medium
38,0.10547369995663058,6,4571,0.17473560691214976,high
37,0.656780104724294,9,4848,0.025360359825352008,high
11,0.8221031606002255,3,3439,0.1733191377191007,high
36,0.38042000750756233,0,648,0.1187150508828596,medium
13,0.7756118509253275,2,4187,0.025422098173404795,medium
43,0.9644766539008116,4,172,0.08550837107194241,medium
3,0.2037664591276891,2,298,0.03217205869701958,low
33,0.5233296311947413,6,3301,0.1400695777733139,high
6,0.28713795808457554,8,1881,0.15177362688358995,medium
50,0.7928544190338394,5,671,0.02115930405455979,high
56,0.5775933658811575,9,890,0.10122797053892887,high
10,0.6345824175503038,0,1738,0.16292501120518343,medium
5,0.7979141596158941,6,1931,0.1872326083101993,high
23,0.3959704726624549,2,1955,0.102703573348354,medium
10,0.9150900684070432,4,1274,0.19005584472228143,medium
44,0.53302886724614,9,3840,0.10713779409120597,high
2,0.157954822835348,3,3377,0.0788380989199816,medium
13,0.6958991181688025,9,278,0.1696406257105791,high
40,0.7932613504382544,4,2344,0.09859654209161782,medium
2,0.31676167706752667,4,4186,0.09438050211290461,medium
20,0.857179256998753,5,834,0.09806249788196567,medium
1,0.9061432547657664,9,898,0.16935700037394907,high
37,0.2769044873778089,9,887,0.16638830833761042,high
9,0.9835214727152221,5,2895,0.08070399848804224,high
17,0.14071152804875842,7,4404,0.066659971974105,medium
9,0.20201566840248997,7,4688,0.09838560480782586,medium
11,0.18422483923802613,8,3184,0.11455450194742181,high
15,0.8939897100078704,7,3018,0.047667442125599396,high
24,0.6542925523249619,1,831,0.15879101694311815,medium
38,0.15210428322227287,9,1229,0.09729655314648458,medium
55,0.440323418368349,0,3546,0.06680910968399192,medium
35,0.615298025069802,9,1705,0.021364198592798124,medium
30,0.08346408498938329,1,3878,0.04776903208072139,medium
31,0.8824163684073387,1,2845,0.18985623435119675,high
49,0.8036035354415352,2,3270,0.06101993736390532,high
5,0.5052067735766382,9,4789,0.033771857873407064,medium
44,0.9671266152591704,6,3033,0.09213455833099865,high
50,0.4177609792750997,1,1315,0.06141754867204974,medium
14,0.9841103190364978,0,424,0.007031850054238831,medium
53,0.6679199988036271,5,1950,0.06462904345588345,high
56,0.6346712732539415,8,1590,0.10882172478789372,high
11,0.165954895295785,2,993,0.11034247440399339,medium
9,0.881927758304644,5,1490,0.07131178423537775,medium
34,0.42748968792061515,2,3489,0.08946055125052013,medium
12,0.16223340578247936,0,4339,0.1931035836469533,medium
35,0.01260751997575904,4,4579,0.07546969544606233,medium
35,0.5597556836383826,9,2363,0.051645362651996596,medium
1,0.5273996221226763,3,3532,0.048693408813352025,medium
40,0.7193536223691586,6,2471,0.09155292254082684,high
22,0.8902580530178021,5,3186,0.15190402974338882,high
29,0.07940658464302952,9,4412,0.041197636837694646,medium
8,0.7314964903403623,6,1615,0.14185922542815363,high
11,0.18741194409758222,4,3017,0.0042299646698832575,medium
41,0.858177053157164,3,2452,0.0837865955967892,medium
37,0.8190635138616561,6,1267,0.1551730130405574,high
14,0.5407937549855444,6,210,0.06774659115488628,medium
30,0.7102427986233115,5,4427,0.1127474202890799,high
35,0.3143501131837484,7,3755,0.04099584656518216,high
21,0.47116789893281463,3,3893,0.14839907822523446,medium
37,0.8216368977104717,9,1855,0.010455820653751925,high
5,0.4592651971732139,4,1677,0.17050852897510008,medium
19,0.3577982653254418,3,1396,0.039639277284333634,low
59,0.4942124472502999,0,3874,0.17487960634166616,high
14,0.8282492524372184,7,2320,0.07050584826010346,medium
26,0.33520804737087273,0,1072,0.14453671489489733,medium
4,0.1737615931357438,4,1130,0.0638450595572377,low
25,0.7120140203307808,5,2693,0.18118233424692953,high
45,0.8259782127080818,5,4092,0.025327425103674875,high
42,0.10063747852353333,4,4713,0.03570395785451974,medium
25,0.23987411275594472,2,1013,0.09860602503176047,low
18,0.1419719897609939,4,2281,0.016387687807629225,low
40,0.3479414115821666,7,3297,0.03919603694035239,high
8,0.45035097890541265,1,1562,0.1887532764424029,medium
39,0.7488263369633065,5,2478,0.19529793222957745,high
40,0.6511475848816741,8,3554,0.0752518658660844,high
14,0.6209285674784312,7,3653,0.18465720420278714,high
32,0.3523749466096544,7,1407,0.10896493513468636,high
51,0.8414475530847599,7,1289,0.05394849317475341,high
38,0.47128716739816456,6,787,0.14047974421611972,high
33,0.9791049380151545,7,4761,0.13178036131497145,high
23,0.6341421382957368,5,1307,0.1978250638217467,medium
15,0.12626474156450274,1,1994,0.05300945748185666,low
33,0.676177562075434,1,1911,0.13441190053234708,high
25,0.325104015431699,7,3283,0.01040475100588938,medium
17,0.6863271966860974,0,3897,0.022729207739343883,medium
33,0.06964114816240574,5,1744,0.0007836749902186525,medium
47,0.1748814371759594,5,4068,0.19989213621193463,high
55,0.8557372589057863,3,2816,0.16045473942949556,high
2,0.2271795570235149,9,290,0.15734460294670816,medium
14,0.83704112524294,2,1435,0.10194521505763594,medium
53,0.27927608845441043,2,4903,0.06001341658108799,medium
40,0.6428819100587077,0,3206,0.030252856892535186,medium
40,0.694150573509831,2,478,0.05693494776929273,medium
51,0.5126547531450529,3,4582,0.07519424438582784,medium
39,0.3053106766967313,4,3929,0.15126201939605882,high
51,0.21264437637109612,2,715,0.10793235778063048,medium
6,0.03318935456242622,5,2430,0.015496725311096539,medium
6,0.3039464012407238,4,1854,0.0036058017917824483,low
3,0.653162790531283,2,563,0.02046643590681263,medium
7,0.9383048184484827,5,1066,0.08209974273947587,medium
51,0.871204482263052,5,4367,0.18663858340980366,high
8,0.7660647765353026,7,3258,0.12748049624184432,high
42,0.7884473432532987,1,3724,0.16036517997510302,high
52,0.6649849034759953,0,789,0.09327491890090972,medium
15,0.260286857566003,3,2722,0.07233321663900856,medium
47,0.9071950307058299,6,2312,0.021680074543324546,high
29,0.670732311905834,9,482,0.175186604437241,high
33,0.56044063098044,2,2356,0.15663200580558057,medium
52,0.11098946921348107,2,3910,0.033623619519545025,medium
30,0.4470555438064254,4,3603,0.10245211277525211,medium
39,0.4603582712019263,4,1512,0.09747496158424898,medium
27,0.86456360952267,9,1683,0.12501831053730572,high
36,0.5466482201877885,2,471,0.18923737879825225,medium
29,0.38040054897040965,8,710,0.11595428835249594,medium
38,0.9768003285106593,3,215,0.10804345335572373,high
57,0.11072059332631567,2,546,0.01006458658693279,medium
33,0.4225484283119446,1,1491,0.012581495203604787,medium
37,0.04202467517140529,9,3424,0.03746935826535778,high
27,0.7399041207669304,8,1440,0.006494154338349656,medium
55,0.9180765521991506,3,4610,0.14867057911400247,high
33,0.28003732955048943,2,3039,0.14466606079879263,high
4,0.8583416767991209,6,3799,0.02721124688632859,high
22,0.29221823046189777,7,1173,0.1672157801590562,medium
2,0.9107701616439152,1,4913,0.030957206969222398,medium
10,0.7539619035967839,6,3669,0.060235117399471766,high
5,0.8049067768414386,4,3250,0.049795379832273,medium
59,0.0180065556004545,4,1705,0.07446141971460955,medium
10,0.962810357074026,2,4757,0.050932753177992375,medium
33,0.7266709920703233,4,2394,0.09779018528769041,medium
54,0.3047510953861333,1,3762,0.08148157627093709,medium
38,0.8293946648588469,3,4582,0.1973138981558653,high
13,0.28152119841492995,5,4897,0.011185270025645134,medium
31,0.872753839566128,0,1083,0.028436275277470325,medium
47,0.11258039041193701,9,451,0.010565178781720497,medium
36,0.7036859774607958,3,1824,0.12516823899647517,high
45,0.5406984766449103,5,2051,0.010901855482743916,medium
24,0.09653447019544081,8,1379,0.16728794747522469,medium
52,0.24189382825883898,1,2007,0.10238772613638557,medium
56,0.01240403627731479,6,4948,0.10540152491630675,high
15,0.46876796546450583,5,1124,0.11231890154243884,medium
29,0.3012652607600004,1,645,0.03416274126124215,low
8,0.5983574842977588,7,4274,0.03953806062289751,medium
5,0.2972378077086172,6,2481,0.06376346457460094,medium
29,0.2999191115069847,4,988,0.11869928316437028,medium
47,0.7431931987316034,4,1205,0.042023555188042905,medium
4,0.04814283597835345,6,2649,0.02326634542665225,medium
12,0.9028949951919872,8,2090,0.19402337728368646,high
45,0.8522638743911815,8,4098,0.0043963629619245825,high
2,0.6678046832264065,8,3875,0.16053948106720434,high
27,0.5932215701073843,5,2912,0.15760702991500442,high
31,0.8923024981396522,9,1020,0.0594428227690192,high
51,0.18533017952871444,5,4745,0.027125323201462683,high
51,0.07896916219082861,2,2161,0.029125729341084684,medium
36,0.2395101699095381,0,4587,0.1394863234474385,high
36,0.7945782787001903,6,3739,0.12856131821723474,high
26,0.03467026672648332,3,3265,0.15654913485027735,medium
43,0.5828068350834896,0,4535,0.18749623447982094,high
27,0.9954375161913099,7,2744,0.1383854726533184,high
5,0.8556960938375394,5,4952,0.031170307310288692,high
20,0.5214456890435895,5,1145,0.04868852335308214,medium
11,0.06364090928664234,1,3656,0.16843874617462293,medium
10,0.8313735143857098,0,2781,0.041861215166841714,medium
40,0.5989785081772105,1,3299,0.014504463390896283,medium
38,0.11493299705956683,3,1038,0.1406560108084501,medium
6,0.0938572848233562,1,541,0.08050527109802841,low
8,0.9096268194365924,0,2650,0.18400801050918072,high
23,0.6692002629380784,6,4325,0.1300510142187323,high
47,0.8292867993167555,7,696,0.01808379555833215,high
26,0.8789789002822673,5,1605,0.18957131345073217,high
46,0.5717723520483222,3,961,0.05171145272804918,medium
43,0.5174463517550413,5,2740,0.06744249808125716,high
12,0.4304274103209902,2,3831,0.08045208273670841,medium
26,0.3169465877911193,7,1651,0.010244859280862651,medium
13,0.43459596085871177,9,3336,0.09930308444612097,medium
40,0.7738796557301564,1,1836,0.02466369821505845,medium
18,0.6019234310151316,4,1549,0.08019406533767036,low
25,0.8925232899548461,0,364,0.07014195759841686,medium
33,0.4433800143791877,5,2759,0.15456801668530068,high
47,0.607089578718754,1,2821,0.16063410232654624,high
40,0.6313075530919887,3,1562,0.030682576477817605,medium
43,0.5916971623063255,5,4352,0.07331023747584524,high
12,0.7026337730855163,9,1545,0.07467063220636634,medium
44,0.23743346837480628,7,2398,0.030282088787217012,medium
36,0.5123637775457907,7,3025,0.1596907010102381,high
48,0.10422480280834767,5,1732,0.14144566566708466,high
4,0.38451132764481255,3,2474,0.038076357259406945,low
5,0.4876670686212644,7,612,0.07334438171875982,medium
56,0.6522242595454725,7,315,0.021161004971302844,high
37,0.9505310525862035,9,3431,0.1256413194186088,high
8,0.6006510665483559,0,2272,0.024274384909723935,low
42,0.7435939161765598,3,3253,0.19718683372498358,high
49,0.5062660594952028,3,1806,0.15613641493757247,medium
28,0.6341040313763313,6,2206,0.07804770991679902,medium
31,0.07093221613377343,6,1667,0.1157127864558709,high
58,0.254391580841847,7,2308,0.18226836324328177,high
9,0.3618530932051387,4,2431,0.11081985607916522,medium
54,0.47249335500651357,6,2253,0.03489969727959104,medium
51,0.045648745502383736,7,1228,0.07574067111623187,medium
29,0.14002409755331768,8,3610,0.1686289730059491,high
14,0.2768143077913058,2,4423,0.1288426031979236,medium
40,0.9715326909010507,2,3753,0.13014487686676007,high
41,0.33134700710305076,3,2465,0.17336429713769785,medium
22,0.48204105811208253,4,4997,0.17879461149250095,medium
11,0.19609771273839294,9,3021,0.18395851435588728,high
23,0.6107800710757683,0,4667,0.018969838650631222,medium
1,0.2806832155159743,6,1179,0.10882520039262018,medium
46,0.20699257843842678,8,3611,0.14810190424366373,high
37,0.5165726284459791,7,2841,0.15138536902540278,high
21,0.005505799160420821,4,3120,0.12134324039400078,medium
26,0.0076640326492253275,3,328,0.03335746703673483,low
46,0.21906880910185778,6,270,0.15948411078833288,high
36,0.03672136250082114,4,394,0.14402226670298915,medium
54,0.10802575413069138,6,4384,0.017227154309807258,high
23,0.3388606493387516,0,525,0.09276196493487526,low
57,0.8025856795798129,0,1018,0.034795479904360715,medium
1,0.5720486433693008,9,3353,0.06749540914259437,medium
54,0.5126677259564164,2,598,0.003616218441137087,medium
55,0.29348882320812164,1,2909,0.08006597368215165,medium
51,0.9317537194328164,1,925,0.10997538423124209,high
40,0.39701504123719167,6,3879,0.12391651856541737,high
15,0.08709276679577149,9,1958,0.13269806902574202,medium
21,0.6170665161178013,1,2218,0.167258262620492,medium
47,0.11383839347660141,3,245,0.04309258145514601,medium
9,0.3452231428016921,1,4665,0.02409636448769359,medium
53,0.5074119387178089,5,3677,0.17030743437958515,high
9,0.8742225246851758,7,292,0.03132256297852998,medium
10,0.49354658034011867,9,3988,0.19495201626723907,high
52,0.7022587660316643,3,151,0.1685076458797274,high
57,0.9928168389990704,4,2510,0.10017532117791983,high
53,0.13148911989798162,3,1920,0.19628428498440506,medium
26,0.2747315255195195,2,3064,0.019475345821600844,medium
41,0.3945760755976464,4,2621,0.06061315223502033,medium
35,0.42182817853883137,8,1969,0.1276448830081223,high
52,0.41102107526554577,7,2668,0.07000137369463576,high
25,0.9076110025565549,7,1967,0.18567451039615837,high
26,0.7140326444668564,7,2838,0.013125217635563513,high
11,0.6079052140907037,7,3369,0.10988236641219291,high
38,0.3093727178627821,6,3299,0.11817325347902291,high
2,0.8237903842212947,7,2679,0.13054562475544482,high
7,0.9550605114849889,7,4105,0.05113324466636289,high
18,0.8211982825502265,7,340,0.0729132855039729,medium
27,0.0015651051914729042,9,3540,0.16873610593299554,high
